[{"_id":{"$oid":"5e91f16545b2b60d6882808e"},"blogDate":"April 11th 2020, 12:40:03 pm","blogAuthor":"George McCarty ","blogTopic":"First Blog Post!","blogContent":"This is my first blog post. Welcome to our mental health blog. Here you will find helpful material on how to stay healthy and happy. ","__v":0},
{"_id":{"$oid":"5e91f47745b2b60d6882808f"},"blogDate":"April 11th 2020, 12:46:46 pm","blogAuthor":"George McCarty","blogTopic":"Helpful Resource During this Stay-at-home Period","blogContent":"Online counseling can be a great resource to help your mental state during this uncertain time. They can provide help with anxiety, depression, and other issues. Besides scheduling with a KSU counselor you can use resources like BetterHelp. \n\nhttps://www.betterhelp.com/\n\n\nStay Healthy and Well!\n\n\nGeorge\n\n","__v":0},
{"_id":{"$oid":"5e922f7365f19d18cc1a4761"},"blogDate":"April 11th 2020, 5:01:58 pm","blogAuthor":"George McCarty","blogTopic":"Yoga","blogContent":"Besides doing things to help our mind (counseling and meditation) we can also do physical things like Yoga. Yoga journal has some great resources please see the link below: \n\n\nhttps://www.yogajournal.com/\n\n\n\nBe healthy and well. \n\n\n\nGeorge","__v":0}]